Train_NMAE(%),Test_NMAE(%)
9.104108425011697,9.009036840545033
