Train_NMAE(%),Test_NMAE(%)
9.580249453183326,9.67297095025085
